city,region,latitude,longitude,base_demand,date,month,demand_tonnes
Casablanca,Centre,33.5731,-7.5898,4500,2023-01-01,1,4612
Casablanca,Centre,33.5731,-7.5898,4500,2023-02-01,2,4469
Casablanca,Centre,33.5731,-7.5898,4500,2023-03-01,3,6039
Casablanca,Centre,33.5731,-7.5898,4500,2023-04-01,4,4843
Casablanca,Centre,33.5731,-7.5898,4500,2023-05-01,5,4447
Casablanca,Centre,33.5731,-7.5898,4500,2023-06-01,6,5337
Casablanca,Centre,33.5731,-7.5898,4500,2023-07-01,7,4127
Casablanca,Centre,33.5731,-7.5898,4500,2023-08-01,8,3972
Casablanca,Centre,33.5731,-7.5898,4500,2023-09-01,9,4394
Casablanca,Centre,33.5731,-7.5898,4500,2023-10-01,10,4622
Casablanca,Centre,33.5731,-7.5898,4500,2023-11-01,11,4396
Casablanca,Centre,33.5731,-7.5898,4500,2023-12-01,12,4395
Casablanca,Centre,33.5731,-7.5898,4500,2024-01-01,1,4554
Casablanca,Centre,33.5731,-7.5898,4500,2024-02-01,2,4070
Casablanca,Centre,33.5731,-7.5898,4500,2024-03-01,3,5345
Casablanca,Centre,33.5731,-7.5898,4500,2024-04-01,4,4373
Casablanca,Centre,33.5731,-7.5898,4500,2024-05-01,5,4272
Casablanca,Centre,33.5731,-7.5898,4500,2024-06-01,6,5485
Casablanca,Centre,33.5731,-7.5898,4500,2024-07-01,7,3651
Casablanca,Centre,33.5731,-7.5898,4500,2024-08-01,8,3555
Casablanca,Centre,33.5731,-7.5898,4500,2024-09-01,9,4830
Casablanca,Centre,33.5731,-7.5898,4500,2024-10-01,10,4449
Casablanca,Centre,33.5731,-7.5898,4500,2024-11-01,11,4515
Casablanca,Centre,33.5731,-7.5898,4500,2024-12-01,12,4179
Rabat,Centre,34.0209,-6.8416,3200,2023-01-01,1,3113
Rabat,Centre,34.0209,-6.8416,3200,2023-02-01,2,3218
Rabat,Centre,34.0209,-6.8416,3200,2023-03-01,3,3921
Rabat,Centre,34.0209,-6.8416,3200,2023-04-01,4,3260
Rabat,Centre,34.0209,-6.8416,3200,2023-05-01,5,3104
Rabat,Centre,34.0209,-6.8416,3200,2023-06-01,6,3784
Rabat,Centre,34.0209,-6.8416,3200,2023-07-01,7,2638
Rabat,Centre,34.0209,-6.8416,3200,2023-08-01,8,2972
Rabat,Centre,34.0209,-6.8416,3200,2023-09-01,9,3198
Rabat,Centre,34.0209,-6.8416,3200,2023-10-01,10,3031
Rabat,Centre,34.0209,-6.8416,3200,2023-11-01,11,3332
Rabat,Centre,34.0209,-6.8416,3200,2023-12-01,12,3005
Rabat,Centre,34.0209,-6.8416,3200,2024-01-01,1,3233
Rabat,Centre,34.0209,-6.8416,3200,2024-02-01,2,2886
Rabat,Centre,34.0209,-6.8416,3200,2024-03-01,3,3884
Rabat,Centre,34.0209,-6.8416,3200,2024-04-01,4,3231
Rabat,Centre,34.0209,-6.8416,3200,2024-05-01,5,3318
Rabat,Centre,34.0209,-6.8416,3200,2024-06-01,6,3873
Rabat,Centre,34.0209,-6.8416,3200,2024-07-01,7,2704
Rabat,Centre,34.0209,-6.8416,3200,2024-08-01,8,2679
Rabat,Centre,34.0209,-6.8416,3200,2024-09-01,9,2963
Rabat,Centre,34.0209,-6.8416,3200,2024-10-01,10,3085
Rabat,Centre,34.0209,-6.8416,3200,2024-11-01,11,3126
Rabat,Centre,34.0209,-6.8416,3200,2024-12-01,12,3369
Fès,Nord,34.0331,-5.0003,2800,2023-01-01,1,2848
Fès,Nord,34.0331,-5.0003,2800,2023-02-01,2,2553
Fès,Nord,34.0331,-5.0003,2800,2023-03-01,3,3699
Fès,Nord,34.0331,-5.0003,2800,2023-04-01,4,2746
Fès,Nord,34.0331,-5.0003,2800,2023-05-01,5,2705
Fès,Nord,34.0331,-5.0003,2800,2023-06-01,6,3463
Fès,Nord,34.0331,-5.0003,2800,2023-07-01,7,2944
Fès,Nord,34.0331,-5.0003,2800,2023-08-01,8,2930
Fès,Nord,34.0331,-5.0003,2800,2023-09-01,9,2683
Fès,Nord,34.0331,-5.0003,2800,2023-10-01,10,2757
Fès,Nord,34.0331,-5.0003,2800,2023-11-01,11,2846
Fès,Nord,34.0331,-5.0003,2800,2023-12-01,12,2937
Fès,Nord,34.0331,-5.0003,2800,2024-01-01,1,2733
Fès,Nord,34.0331,-5.0003,2800,2024-02-01,2,2774
Fès,Nord,34.0331,-5.0003,2800,2024-03-01,3,3439
Fès,Nord,34.0331,-5.0003,2800,2024-04-01,4,2633
Fès,Nord,34.0331,-5.0003,2800,2024-05-01,5,2914
Fès,Nord,34.0331,-5.0003,2800,2024-06-01,6,3588
Fès,Nord,34.0331,-5.0003,2800,2024-07-01,7,2790
Fès,Nord,34.0331,-5.0003,2800,2024-08-01,8,2940
Fès,Nord,34.0331,-5.0003,2800,2024-09-01,9,2851
Fès,Nord,34.0331,-5.0003,2800,2024-10-01,10,2710
Fès,Nord,34.0331,-5.0003,2800,2024-11-01,11,2851
Fès,Nord,34.0331,-5.0003,2800,2024-12-01,12,3015
Marrakech,Sud,31.6295,-7.9811,3100,2023-01-01,1,3094
Marrakech,Sud,31.6295,-7.9811,3100,2023-02-01,2,3343
Marrakech,Sud,31.6295,-7.9811,3100,2023-03-01,3,3502
Marrakech,Sud,31.6295,-7.9811,3100,2023-04-01,4,3227
Marrakech,Sud,31.6295,-7.9811,3100,2023-05-01,5,3113
Marrakech,Sud,31.6295,-7.9811,3100,2023-06-01,6,3664
Marrakech,Sud,31.6295,-7.9811,3100,2023-07-01,7,3893
Marrakech,Sud,31.6295,-7.9811,3100,2023-08-01,8,3490
Marrakech,Sud,31.6295,-7.9811,3100,2023-09-01,9,3066
Marrakech,Sud,31.6295,-7.9811,3100,2023-10-01,10,3155
Marrakech,Sud,31.6295,-7.9811,3100,2023-11-01,11,3329
Marrakech,Sud,31.6295,-7.9811,3100,2023-12-01,12,3020
Marrakech,Sud,31.6295,-7.9811,3100,2024-01-01,1,2975
Marrakech,Sud,31.6295,-7.9811,3100,2024-02-01,2,3022
Marrakech,Sud,31.6295,-7.9811,3100,2024-03-01,3,4214
Marrakech,Sud,31.6295,-7.9811,3100,2024-04-01,4,3151
Marrakech,Sud,31.6295,-7.9811,3100,2024-05-01,5,3018
Marrakech,Sud,31.6295,-7.9811,3100,2024-06-01,6,3815
Marrakech,Sud,31.6295,-7.9811,3100,2024-07-01,7,3894
Marrakech,Sud,31.6295,-7.9811,3100,2024-08-01,8,4063
Marrakech,Sud,31.6295,-7.9811,3100,2024-09-01,9,2991
Marrakech,Sud,31.6295,-7.9811,3100,2024-10-01,10,3049
Marrakech,Sud,31.6295,-7.9811,3100,2024-11-01,11,3039
Marrakech,Sud,31.6295,-7.9811,3100,2024-12-01,12,2873
Agadir,Sud,30.4278,-9.5981,1900,2023-01-01,1,1928
Agadir,Sud,30.4278,-9.5981,1900,2023-02-01,2,1925
Agadir,Sud,30.4278,-9.5981,1900,2023-03-01,3,2471
Agadir,Sud,30.4278,-9.5981,1900,2023-04-01,4,1878
Agadir,Sud,30.4278,-9.5981,1900,2023-05-01,5,1766
Agadir,Sud,30.4278,-9.5981,1900,2023-06-01,6,2232
Agadir,Sud,30.4278,-9.5981,1900,2023-07-01,7,2334
Agadir,Sud,30.4278,-9.5981,1900,2023-08-01,8,2280
Agadir,Sud,30.4278,-9.5981,1900,2023-09-01,9,1885
Agadir,Sud,30.4278,-9.5981,1900,2023-10-01,10,1938
Agadir,Sud,30.4278,-9.5981,1900,2023-11-01,11,2079
Agadir,Sud,30.4278,-9.5981,1900,2023-12-01,12,1917
Agadir,Sud,30.4278,-9.5981,1900,2024-01-01,1,1924
Agadir,Sud,30.4278,-9.5981,1900,2024-02-01,2,1893
Agadir,Sud,30.4278,-9.5981,1900,2024-03-01,3,2233
Agadir,Sud,30.4278,-9.5981,1900,2024-04-01,4,1897
Agadir,Sud,30.4278,-9.5981,1900,2024-05-01,5,1906
Agadir,Sud,30.4278,-9.5981,1900,2024-06-01,6,2561
Agadir,Sud,30.4278,-9.5981,1900,2024-07-01,7,2352
Agadir,Sud,30.4278,-9.5981,1900,2024-08-01,8,2411
Agadir,Sud,30.4278,-9.5981,1900,2024-09-01,9,1897
Agadir,Sud,30.4278,-9.5981,1900,2024-10-01,10,1789
Agadir,Sud,30.4278,-9.5981,1900,2024-11-01,11,2009
Agadir,Sud,30.4278,-9.5981,1900,2024-12-01,12,1971
Tanger,Nord,35.7595,-5.834,2200,2023-01-01,1,2287
Tanger,Nord,35.7595,-5.834,2200,2023-02-01,2,2100
Tanger,Nord,35.7595,-5.834,2200,2023-03-01,3,3061
Tanger,Nord,35.7595,-5.834,2200,2023-04-01,4,2046
Tanger,Nord,35.7595,-5.834,2200,2023-05-01,5,2265
Tanger,Nord,35.7595,-5.834,2200,2023-06-01,6,2929
Tanger,Nord,35.7595,-5.834,2200,2023-07-01,7,1777
Tanger,Nord,35.7595,-5.834,2200,2023-08-01,8,1817
Tanger,Nord,35.7595,-5.834,2200,2023-09-01,9,2211
Tanger,Nord,35.7595,-5.834,2200,2023-10-01,10,2145
Tanger,Nord,35.7595,-5.834,2200,2023-11-01,11,2029
Tanger,Nord,35.7595,-5.834,2200,2023-12-01,12,2208
Tanger,Nord,35.7595,-5.834,2200,2024-01-01,1,2083
Tanger,Nord,35.7595,-5.834,2200,2024-02-01,2,2252
Tanger,Nord,35.7595,-5.834,2200,2024-03-01,3,2729
Tanger,Nord,35.7595,-5.834,2200,2024-04-01,4,2370
Tanger,Nord,35.7595,-5.834,2200,2024-05-01,5,2114
Tanger,Nord,35.7595,-5.834,2200,2024-06-01,6,2597
Tanger,Nord,35.7595,-5.834,2200,2024-07-01,7,1946
Tanger,Nord,35.7595,-5.834,2200,2024-08-01,8,1755
Tanger,Nord,35.7595,-5.834,2200,2024-09-01,9,2225
Tanger,Nord,35.7595,-5.834,2200,2024-10-01,10,2344
Tanger,Nord,35.7595,-5.834,2200,2024-11-01,11,2023
Tanger,Nord,35.7595,-5.834,2200,2024-12-01,12,2220
Oujda,Est,34.6814,-1.9086,1500,2023-01-01,1,1519
Oujda,Est,34.6814,-1.9086,1500,2023-02-01,2,1559
Oujda,Est,34.6814,-1.9086,1500,2023-03-01,3,1829
Oujda,Est,34.6814,-1.9086,1500,2023-04-01,4,1401
Oujda,Est,34.6814,-1.9086,1500,2023-05-01,5,1539
Oujda,Est,34.6814,-1.9086,1500,2023-06-01,6,1827
Oujda,Est,34.6814,-1.9086,1500,2023-07-01,7,1519
Oujda,Est,34.6814,-1.9086,1500,2023-08-01,8,1526
Oujda,Est,34.6814,-1.9086,1500,2023-09-01,9,1449
Oujda,Est,34.6814,-1.9086,1500,2023-10-01,10,1517
Oujda,Est,34.6814,-1.9086,1500,2023-11-01,11,1522
Oujda,Est,34.6814,-1.9086,1500,2023-12-01,12,1446
Oujda,Est,34.6814,-1.9086,1500,2024-01-01,1,1640
Oujda,Est,34.6814,-1.9086,1500,2024-02-01,2,1536
Oujda,Est,34.6814,-1.9086,1500,2024-03-01,3,1834
Oujda,Est,34.6814,-1.9086,1500,2024-04-01,4,1549
Oujda,Est,34.6814,-1.9086,1500,2024-05-01,5,1427
Oujda,Est,34.6814,-1.9086,1500,2024-06-01,6,1871
Oujda,Est,34.6814,-1.9086,1500,2024-07-01,7,1587
Oujda,Est,34.6814,-1.9086,1500,2024-08-01,8,1438
Oujda,Est,34.6814,-1.9086,1500,2024-09-01,9,1572
Oujda,Est,34.6814,-1.9086,1500,2024-10-01,10,1531
Oujda,Est,34.6814,-1.9086,1500,2024-11-01,11,1562
Oujda,Est,34.6814,-1.9086,1500,2024-12-01,12,1642
Laâyoune,Sud,27.1418,-13.18,800,2023-01-01,1,790
Laâyoune,Sud,27.1418,-13.18,800,2023-02-01,2,770
Laâyoune,Sud,27.1418,-13.18,800,2023-03-01,3,994
Laâyoune,Sud,27.1418,-13.18,800,2023-04-01,4,767
Laâyoune,Sud,27.1418,-13.18,800,2023-05-01,5,797
Laâyoune,Sud,27.1418,-13.18,800,2023-06-01,6,976
Laâyoune,Sud,27.1418,-13.18,800,2023-07-01,7,811
Laâyoune,Sud,27.1418,-13.18,800,2023-08-01,8,833
Laâyoune,Sud,27.1418,-13.18,800,2023-09-01,9,801
Laâyoune,Sud,27.1418,-13.18,800,2023-10-01,10,858
Laâyoune,Sud,27.1418,-13.18,800,2023-11-01,11,789
Laâyoune,Sud,27.1418,-13.18,800,2023-12-01,12,909
Laâyoune,Sud,27.1418,-13.18,800,2024-01-01,1,825
Laâyoune,Sud,27.1418,-13.18,800,2024-02-01,2,766
Laâyoune,Sud,27.1418,-13.18,800,2024-03-01,3,984
Laâyoune,Sud,27.1418,-13.18,800,2024-04-01,4,819
Laâyoune,Sud,27.1418,-13.18,800,2024-05-01,5,791
Laâyoune,Sud,27.1418,-13.18,800,2024-06-01,6,994
Laâyoune,Sud,27.1418,-13.18,800,2024-07-01,7,819
Laâyoune,Sud,27.1418,-13.18,800,2024-08-01,8,797
Laâyoune,Sud,27.1418,-13.18,800,2024-09-01,9,766
Laâyoune,Sud,27.1418,-13.18,800,2024-10-01,10,739
Laâyoune,Sud,27.1418,-13.18,800,2024-11-01,11,782
Laâyoune,Sud,27.1418,-13.18,800,2024-12-01,12,834
Meknès,Centre,33.8935,-5.5473,2000,2023-01-01,1,2021
Meknès,Centre,33.8935,-5.5473,2000,2023-02-01,2,1875
Meknès,Centre,33.8935,-5.5473,2000,2023-03-01,3,2623
Meknès,Centre,33.8935,-5.5473,2000,2023-04-01,4,2039
Meknès,Centre,33.8935,-5.5473,2000,2023-05-01,5,1912
Meknès,Centre,33.8935,-5.5473,2000,2023-06-01,6,2418
Meknès,Centre,33.8935,-5.5473,2000,2023-07-01,7,2006
Meknès,Centre,33.8935,-5.5473,2000,2023-08-01,8,1886
Meknès,Centre,33.8935,-5.5473,2000,2023-09-01,9,2036
Meknès,Centre,33.8935,-5.5473,2000,2023-10-01,10,2056
Meknès,Centre,33.8935,-5.5473,2000,2023-11-01,11,2108
Meknès,Centre,33.8935,-5.5473,2000,2023-12-01,12,2105
Meknès,Centre,33.8935,-5.5473,2000,2024-01-01,1,1862
Meknès,Centre,33.8935,-5.5473,2000,2024-02-01,2,1906
Meknès,Centre,33.8935,-5.5473,2000,2024-03-01,3,2667
Meknès,Centre,33.8935,-5.5473,2000,2024-04-01,4,2051
Meknès,Centre,33.8935,-5.5473,2000,2024-05-01,5,2052
Meknès,Centre,33.8935,-5.5473,2000,2024-06-01,6,2862
Meknès,Centre,33.8935,-5.5473,2000,2024-07-01,7,2057
Meknès,Centre,33.8935,-5.5473,2000,2024-08-01,8,2114
Meknès,Centre,33.8935,-5.5473,2000,2024-09-01,9,2095
Meknès,Centre,33.8935,-5.5473,2000,2024-10-01,10,2065
Meknès,Centre,33.8935,-5.5473,2000,2024-11-01,11,1968
Meknès,Centre,33.8935,-5.5473,2000,2024-12-01,12,2076
Béni Mellal,Centre,32.3372,-6.3498,1700,2023-01-01,1,1634
Béni Mellal,Centre,32.3372,-6.3498,1700,2023-02-01,2,1680
Béni Mellal,Centre,32.3372,-6.3498,1700,2023-03-01,3,2156
Béni Mellal,Centre,32.3372,-6.3498,1700,2023-04-01,4,1707
Béni Mellal,Centre,32.3372,-6.3498,1700,2023-05-01,5,1897
Béni Mellal,Centre,32.3372,-6.3498,1700,2023-06-01,6,1850
Béni Mellal,Centre,32.3372,-6.3498,1700,2023-07-01,7,1758
Béni Mellal,Centre,32.3372,-6.3498,1700,2023-08-01,8,1563
Béni Mellal,Centre,32.3372,-6.3498,1700,2023-09-01,9,1660
Béni Mellal,Centre,32.3372,-6.3498,1700,2023-10-01,10,1793
Béni Mellal,Centre,32.3372,-6.3498,1700,2023-11-01,11,1705
Béni Mellal,Centre,32.3372,-6.3498,1700,2023-12-01,12,1608
Béni Mellal,Centre,32.3372,-6.3498,1700,2024-01-01,1,1639
Béni Mellal,Centre,32.3372,-6.3498,1700,2024-02-01,2,1758
Béni Mellal,Centre,32.3372,-6.3498,1700,2024-03-01,3,2129
Béni Mellal,Centre,32.3372,-6.3498,1700,2024-04-01,4,1718
Béni Mellal,Centre,32.3372,-6.3498,1700,2024-05-01,5,1704
Béni Mellal,Centre,32.3372,-6.3498,1700,2024-06-01,6,1974
Béni Mellal,Centre,32.3372,-6.3498,1700,2024-07-01,7,1882
Béni Mellal,Centre,32.3372,-6.3498,1700,2024-08-01,8,1754
Béni Mellal,Centre,32.3372,-6.3498,1700,2024-09-01,9,1528
Béni Mellal,Centre,32.3372,-6.3498,1700,2024-10-01,10,1716
Béni Mellal,Centre,32.3372,-6.3498,1700,2024-11-01,11,1644
Béni Mellal,Centre,32.3372,-6.3498,1700,2024-12-01,12,1772
Kénitra,Nord,34.261,-6.5802,1800,2023-01-01,1,1729
Kénitra,Nord,34.261,-6.5802,1800,2023-02-01,2,1790
Kénitra,Nord,34.261,-6.5802,1800,2023-03-01,3,2399
Kénitra,Nord,34.261,-6.5802,1800,2023-04-01,4,1878
Kénitra,Nord,34.261,-6.5802,1800,2023-05-01,5,1692
Kénitra,Nord,34.261,-6.5802,1800,2023-06-01,6,2124
Kénitra,Nord,34.261,-6.5802,1800,2023-07-01,7,1757
Kénitra,Nord,34.261,-6.5802,1800,2023-08-01,8,1741
Kénitra,Nord,34.261,-6.5802,1800,2023-09-01,9,1959
Kénitra,Nord,34.261,-6.5802,1800,2023-10-01,10,1836
Kénitra,Nord,34.261,-6.5802,1800,2023-11-01,11,1687
Kénitra,Nord,34.261,-6.5802,1800,2023-12-01,12,1883
Kénitra,Nord,34.261,-6.5802,1800,2024-01-01,1,1991
Kénitra,Nord,34.261,-6.5802,1800,2024-02-01,2,1893
Kénitra,Nord,34.261,-6.5802,1800,2024-03-01,3,2162
Kénitra,Nord,34.261,-6.5802,1800,2024-04-01,4,1756
Kénitra,Nord,34.261,-6.5802,1800,2024-05-01,5,1914
Kénitra,Nord,34.261,-6.5802,1800,2024-06-01,6,2084
Kénitra,Nord,34.261,-6.5802,1800,2024-07-01,7,1840
Kénitra,Nord,34.261,-6.5802,1800,2024-08-01,8,1870
Kénitra,Nord,34.261,-6.5802,1800,2024-09-01,9,1717
Kénitra,Nord,34.261,-6.5802,1800,2024-10-01,10,1795
Kénitra,Nord,34.261,-6.5802,1800,2024-11-01,11,1508
Kénitra,Nord,34.261,-6.5802,1800,2024-12-01,12,1708
Tétouan,Nord,35.5785,-5.3684,1600,2023-01-01,1,1580
Tétouan,Nord,35.5785,-5.3684,1600,2023-02-01,2,1500
Tétouan,Nord,35.5785,-5.3684,1600,2023-03-01,3,2250
Tétouan,Nord,35.5785,-5.3684,1600,2023-04-01,4,1486
Tétouan,Nord,35.5785,-5.3684,1600,2023-05-01,5,1565
Tétouan,Nord,35.5785,-5.3684,1600,2023-06-01,6,1933
Tétouan,Nord,35.5785,-5.3684,1600,2023-07-01,7,1715
Tétouan,Nord,35.5785,-5.3684,1600,2023-08-01,8,1485
Tétouan,Nord,35.5785,-5.3684,1600,2023-09-01,9,1693
Tétouan,Nord,35.5785,-5.3684,1600,2023-10-01,10,1601
Tétouan,Nord,35.5785,-5.3684,1600,2023-11-01,11,1521
Tétouan,Nord,35.5785,-5.3684,1600,2023-12-01,12,1637
Tétouan,Nord,35.5785,-5.3684,1600,2024-01-01,1,1616
Tétouan,Nord,35.5785,-5.3684,1600,2024-02-01,2,1552
Tétouan,Nord,35.5785,-5.3684,1600,2024-03-01,3,2087
Tétouan,Nord,35.5785,-5.3684,1600,2024-04-01,4,1569
Tétouan,Nord,35.5785,-5.3684,1600,2024-05-01,5,1609
Tétouan,Nord,35.5785,-5.3684,1600,2024-06-01,6,1984
Tétouan,Nord,35.5785,-5.3684,1600,2024-07-01,7,1727
Tétouan,Nord,35.5785,-5.3684,1600,2024-08-01,8,1501
Tétouan,Nord,35.5785,-5.3684,1600,2024-09-01,9,1771
Tétouan,Nord,35.5785,-5.3684,1600,2024-10-01,10,1444
Tétouan,Nord,35.5785,-5.3684,1600,2024-11-01,11,1588
Tétouan,Nord,35.5785,-5.3684,1600,2024-12-01,12,1647
Safi,Ouest,32.2994,-9.2372,1400,2023-01-01,1,1420
Safi,Ouest,32.2994,-9.2372,1400,2023-02-01,2,1356
Safi,Ouest,32.2994,-9.2372,1400,2023-03-01,3,1801
Safi,Ouest,32.2994,-9.2372,1400,2023-04-01,4,1365
Safi,Ouest,32.2994,-9.2372,1400,2023-05-01,5,1359
Safi,Ouest,32.2994,-9.2372,1400,2023-06-01,6,1751
Safi,Ouest,32.2994,-9.2372,1400,2023-07-01,7,1425
Safi,Ouest,32.2994,-9.2372,1400,2023-08-01,8,1351
Safi,Ouest,32.2994,-9.2372,1400,2023-09-01,9,1463
Safi,Ouest,32.2994,-9.2372,1400,2023-10-01,10,1422
Safi,Ouest,32.2994,-9.2372,1400,2023-11-01,11,1457
Safi,Ouest,32.2994,-9.2372,1400,2023-12-01,12,1444
Safi,Ouest,32.2994,-9.2372,1400,2024-01-01,1,1342
Safi,Ouest,32.2994,-9.2372,1400,2024-02-01,2,1361
Safi,Ouest,32.2994,-9.2372,1400,2024-03-01,3,1888
Safi,Ouest,32.2994,-9.2372,1400,2024-04-01,4,1443
Safi,Ouest,32.2994,-9.2372,1400,2024-05-01,5,1399
Safi,Ouest,32.2994,-9.2372,1400,2024-06-01,6,1690
Safi,Ouest,32.2994,-9.2372,1400,2024-07-01,7,1489
Safi,Ouest,32.2994,-9.2372,1400,2024-08-01,8,1359
Safi,Ouest,32.2994,-9.2372,1400,2024-09-01,9,1438
Safi,Ouest,32.2994,-9.2372,1400,2024-10-01,10,1386
Safi,Ouest,32.2994,-9.2372,1400,2024-11-01,11,1385
Safi,Ouest,32.2994,-9.2372,1400,2024-12-01,12,1477
El Jadida,Ouest,33.2316,-8.5007,1500,2023-01-01,1,1562
El Jadida,Ouest,33.2316,-8.5007,1500,2023-02-01,2,1561
El Jadida,Ouest,33.2316,-8.5007,1500,2023-03-01,3,2077
El Jadida,Ouest,33.2316,-8.5007,1500,2023-04-01,4,1502
El Jadida,Ouest,33.2316,-8.5007,1500,2023-05-01,5,1551
El Jadida,Ouest,33.2316,-8.5007,1500,2023-06-01,6,1772
El Jadida,Ouest,33.2316,-8.5007,1500,2023-07-01,7,1524
El Jadida,Ouest,33.2316,-8.5007,1500,2023-08-01,8,1490
El Jadida,Ouest,33.2316,-8.5007,1500,2023-09-01,9,1507
El Jadida,Ouest,33.2316,-8.5007,1500,2023-10-01,10,1545
El Jadida,Ouest,33.2316,-8.5007,1500,2023-11-01,11,1439
El Jadida,Ouest,33.2316,-8.5007,1500,2023-12-01,12,1657
El Jadida,Ouest,33.2316,-8.5007,1500,2024-01-01,1,1425
El Jadida,Ouest,33.2316,-8.5007,1500,2024-02-01,2,1409
El Jadida,Ouest,33.2316,-8.5007,1500,2024-03-01,3,2063
El Jadida,Ouest,33.2316,-8.5007,1500,2024-04-01,4,1559
El Jadida,Ouest,33.2316,-8.5007,1500,2024-05-01,5,1547
El Jadida,Ouest,33.2316,-8.5007,1500,2024-06-01,6,1857
El Jadida,Ouest,33.2316,-8.5007,1500,2024-07-01,7,1499
El Jadida,Ouest,33.2316,-8.5007,1500,2024-08-01,8,1433
El Jadida,Ouest,33.2316,-8.5007,1500,2024-09-01,9,1506
El Jadida,Ouest,33.2316,-8.5007,1500,2024-10-01,10,1449
El Jadida,Ouest,33.2316,-8.5007,1500,2024-11-01,11,1573
El Jadida,Ouest,33.2316,-8.5007,1500,2024-12-01,12,1489
Nador,Est,35.174,-2.9287,1200,2023-01-01,1,1150
Nador,Est,35.174,-2.9287,1200,2023-02-01,2,1181
Nador,Est,35.174,-2.9287,1200,2023-03-01,3,1592
Nador,Est,35.174,-2.9287,1200,2023-04-01,4,1166
Nador,Est,35.174,-2.9287,1200,2023-05-01,5,1151
Nador,Est,35.174,-2.9287,1200,2023-06-01,6,1458
Nador,Est,35.174,-2.9287,1200,2023-07-01,7,1215
Nador,Est,35.174,-2.9287,1200,2023-08-01,8,1170
Nador,Est,35.174,-2.9287,1200,2023-09-01,9,1172
Nador,Est,35.174,-2.9287,1200,2023-10-01,10,1214
Nador,Est,35.174,-2.9287,1200,2023-11-01,11,1113
Nador,Est,35.174,-2.9287,1200,2023-12-01,12,1116
Nador,Est,35.174,-2.9287,1200,2024-01-01,1,1157
Nador,Est,35.174,-2.9287,1200,2024-02-01,2,1187
Nador,Est,35.174,-2.9287,1200,2024-03-01,3,1584
Nador,Est,35.174,-2.9287,1200,2024-04-01,4,1289
Nador,Est,35.174,-2.9287,1200,2024-05-01,5,1251
Nador,Est,35.174,-2.9287,1200,2024-06-01,6,1428
Nador,Est,35.174,-2.9287,1200,2024-07-01,7,1199
Nador,Est,35.174,-2.9287,1200,2024-08-01,8,1140
Nador,Est,35.174,-2.9287,1200,2024-09-01,9,1199
Nador,Est,35.174,-2.9287,1200,2024-10-01,10,1183
Nador,Est,35.174,-2.9287,1200,2024-11-01,11,1219
Nador,Est,35.174,-2.9287,1200,2024-12-01,12,1150
Settat,Centre,33.0014,-7.6166,1300,2023-01-01,1,1334
Settat,Centre,33.0014,-7.6166,1300,2023-02-01,2,1400
Settat,Centre,33.0014,-7.6166,1300,2023-03-01,3,1681
Settat,Centre,33.0014,-7.6166,1300,2023-04-01,4,1326
Settat,Centre,33.0014,-7.6166,1300,2023-05-01,5,1345
Settat,Centre,33.0014,-7.6166,1300,2023-06-01,6,1529
Settat,Centre,33.0014,-7.6166,1300,2023-07-01,7,1315
Settat,Centre,33.0014,-7.6166,1300,2023-08-01,8,1301
Settat,Centre,33.0014,-7.6166,1300,2023-09-01,9,1306
Settat,Centre,33.0014,-7.6166,1300,2023-10-01,10,1250
Settat,Centre,33.0014,-7.6166,1300,2023-11-01,11,1302
Settat,Centre,33.0014,-7.6166,1300,2023-12-01,12,1332
Settat,Centre,33.0014,-7.6166,1300,2024-01-01,1,1394
Settat,Centre,33.0014,-7.6166,1300,2024-02-01,2,1362
Settat,Centre,33.0014,-7.6166,1300,2024-03-01,3,1872
Settat,Centre,33.0014,-7.6166,1300,2024-04-01,4,1250
Settat,Centre,33.0014,-7.6166,1300,2024-05-01,5,1357
Settat,Centre,33.0014,-7.6166,1300,2024-06-01,6,1574
Settat,Centre,33.0014,-7.6166,1300,2024-07-01,7,1442
Settat,Centre,33.0014,-7.6166,1300,2024-08-01,8,1247
Settat,Centre,33.0014,-7.6166,1300,2024-09-01,9,1245
Settat,Centre,33.0014,-7.6166,1300,2024-10-01,10,1261
Settat,Centre,33.0014,-7.6166,1300,2024-11-01,11,1162
Settat,Centre,33.0014,-7.6166,1300,2024-12-01,12,1266
Khouribga,Centre,32.8811,-6.9063,1100,2023-01-01,1,1058
Khouribga,Centre,32.8811,-6.9063,1100,2023-02-01,2,1108
Khouribga,Centre,32.8811,-6.9063,1100,2023-03-01,3,1454
Khouribga,Centre,32.8811,-6.9063,1100,2023-04-01,4,1203
Khouribga,Centre,32.8811,-6.9063,1100,2023-05-01,5,1152
Khouribga,Centre,32.8811,-6.9063,1100,2023-06-01,6,1282
Khouribga,Centre,32.8811,-6.9063,1100,2023-07-01,7,1051
Khouribga,Centre,32.8811,-6.9063,1100,2023-08-01,8,1127
Khouribga,Centre,32.8811,-6.9063,1100,2023-09-01,9,1027
Khouribga,Centre,32.8811,-6.9063,1100,2023-10-01,10,1201
Khouribga,Centre,32.8811,-6.9063,1100,2023-11-01,11,1165
Khouribga,Centre,32.8811,-6.9063,1100,2023-12-01,12,1074
Khouribga,Centre,32.8811,-6.9063,1100,2024-01-01,1,1006
Khouribga,Centre,32.8811,-6.9063,1100,2024-02-01,2,1174
Khouribga,Centre,32.8811,-6.9063,1100,2024-03-01,3,1422
Khouribga,Centre,32.8811,-6.9063,1100,2024-04-01,4,1168
Khouribga,Centre,32.8811,-6.9063,1100,2024-05-01,5,1012
Khouribga,Centre,32.8811,-6.9063,1100,2024-06-01,6,1280
Khouribga,Centre,32.8811,-6.9063,1100,2024-07-01,7,1100
Khouribga,Centre,32.8811,-6.9063,1100,2024-08-01,8,1103
Khouribga,Centre,32.8811,-6.9063,1100,2024-09-01,9,1075
Khouribga,Centre,32.8811,-6.9063,1100,2024-10-01,10,1134
Khouribga,Centre,32.8811,-6.9063,1100,2024-11-01,11,1041
Khouribga,Centre,32.8811,-6.9063,1100,2024-12-01,12,1092
Essaouira,Ouest,31.5125,-9.7749,900,2023-01-01,1,905
Essaouira,Ouest,31.5125,-9.7749,900,2023-02-01,2,923
Essaouira,Ouest,31.5125,-9.7749,900,2023-03-01,3,1212
Essaouira,Ouest,31.5125,-9.7749,900,2023-04-01,4,849
Essaouira,Ouest,31.5125,-9.7749,900,2023-05-01,5,831
Essaouira,Ouest,31.5125,-9.7749,900,2023-06-01,6,1149
Essaouira,Ouest,31.5125,-9.7749,900,2023-07-01,7,1144
Essaouira,Ouest,31.5125,-9.7749,900,2023-08-01,8,1083
Essaouira,Ouest,31.5125,-9.7749,900,2023-09-01,9,970
Essaouira,Ouest,31.5125,-9.7749,900,2023-10-01,10,905
Essaouira,Ouest,31.5125,-9.7749,900,2023-11-01,11,953
Essaouira,Ouest,31.5125,-9.7749,900,2023-12-01,12,903
Essaouira,Ouest,31.5125,-9.7749,900,2024-01-01,1,993
Essaouira,Ouest,31.5125,-9.7749,900,2024-02-01,2,979
Essaouira,Ouest,31.5125,-9.7749,900,2024-03-01,3,1155
Essaouira,Ouest,31.5125,-9.7749,900,2024-04-01,4,944
Essaouira,Ouest,31.5125,-9.7749,900,2024-05-01,5,929
Essaouira,Ouest,31.5125,-9.7749,900,2024-06-01,6,1154
Essaouira,Ouest,31.5125,-9.7749,900,2024-07-01,7,1071
Essaouira,Ouest,31.5125,-9.7749,900,2024-08-01,8,1164
Essaouira,Ouest,31.5125,-9.7749,900,2024-09-01,9,948
Essaouira,Ouest,31.5125,-9.7749,900,2024-10-01,10,821
Essaouira,Ouest,31.5125,-9.7749,900,2024-11-01,11,847
Essaouira,Ouest,31.5125,-9.7749,900,2024-12-01,12,808
Ouarzazate,Sud,30.9335,-6.937,850,2023-01-01,1,839
Ouarzazate,Sud,30.9335,-6.937,850,2023-02-01,2,880
Ouarzazate,Sud,30.9335,-6.937,850,2023-03-01,3,1188
Ouarzazate,Sud,30.9335,-6.937,850,2023-04-01,4,853
Ouarzazate,Sud,30.9335,-6.937,850,2023-05-01,5,919
Ouarzazate,Sud,30.9335,-6.937,850,2023-06-01,6,950
Ouarzazate,Sud,30.9335,-6.937,850,2023-07-01,7,778
Ouarzazate,Sud,30.9335,-6.937,850,2023-08-01,8,848
Ouarzazate,Sud,30.9335,-6.937,850,2023-09-01,9,866
Ouarzazate,Sud,30.9335,-6.937,850,2023-10-01,10,849
Ouarzazate,Sud,30.9335,-6.937,850,2023-11-01,11,762
Ouarzazate,Sud,30.9335,-6.937,850,2023-12-01,12,846
Ouarzazate,Sud,30.9335,-6.937,850,2024-01-01,1,795
Ouarzazate,Sud,30.9335,-6.937,850,2024-02-01,2,878
Ouarzazate,Sud,30.9335,-6.937,850,2024-03-01,3,1125
Ouarzazate,Sud,30.9335,-6.937,850,2024-04-01,4,810
Ouarzazate,Sud,30.9335,-6.937,850,2024-05-01,5,828
Ouarzazate,Sud,30.9335,-6.937,850,2024-06-01,6,966
Ouarzazate,Sud,30.9335,-6.937,850,2024-07-01,7,847
Ouarzazate,Sud,30.9335,-6.937,850,2024-08-01,8,891
Ouarzazate,Sud,30.9335,-6.937,850,2024-09-01,9,808
Ouarzazate,Sud,30.9335,-6.937,850,2024-10-01,10,871
Ouarzazate,Sud,30.9335,-6.937,850,2024-11-01,11,827
Ouarzazate,Sud,30.9335,-6.937,850,2024-12-01,12,816
Dakhla,Sud,23.7136,-15.9355,600,2023-01-01,1,597
Dakhla,Sud,23.7136,-15.9355,600,2023-02-01,2,569
Dakhla,Sud,23.7136,-15.9355,600,2023-03-01,3,758
Dakhla,Sud,23.7136,-15.9355,600,2023-04-01,4,564
Dakhla,Sud,23.7136,-15.9355,600,2023-05-01,5,659
Dakhla,Sud,23.7136,-15.9355,600,2023-06-01,6,721
Dakhla,Sud,23.7136,-15.9355,600,2023-07-01,7,579
Dakhla,Sud,23.7136,-15.9355,600,2023-08-01,8,606
Dakhla,Sud,23.7136,-15.9355,600,2023-09-01,9,597
Dakhla,Sud,23.7136,-15.9355,600,2023-10-01,10,593
Dakhla,Sud,23.7136,-15.9355,600,2023-11-01,11,618
Dakhla,Sud,23.7136,-15.9355,600,2023-12-01,12,623
Dakhla,Sud,23.7136,-15.9355,600,2024-01-01,1,584
Dakhla,Sud,23.7136,-15.9355,600,2024-02-01,2,583
Dakhla,Sud,23.7136,-15.9355,600,2024-03-01,3,769
Dakhla,Sud,23.7136,-15.9355,600,2024-04-01,4,531
Dakhla,Sud,23.7136,-15.9355,600,2024-05-01,5,555
Dakhla,Sud,23.7136,-15.9355,600,2024-06-01,6,769
Dakhla,Sud,23.7136,-15.9355,600,2024-07-01,7,649
Dakhla,Sud,23.7136,-15.9355,600,2024-08-01,8,593
Dakhla,Sud,23.7136,-15.9355,600,2024-09-01,9,617
Dakhla,Sud,23.7136,-15.9355,600,2024-10-01,10,609
Dakhla,Sud,23.7136,-15.9355,600,2024-11-01,11,692
Dakhla,Sud,23.7136,-15.9355,600,2024-12-01,12,634
